name,distance,x,y,z,hole_depth (m)
S100 down,1078.3558,10.829,23.665,87.752,0.0
S100 down,1080.2987,10.748,23.772,85.756,2.0
S100 down,1082.2418,10.658,23.9,83.762,4.0
S100 down,1084.1847,10.52,24.071,81.774,6.0
S100 down,1086.1276,10.36,24.313,79.795,8.0
S100 down,1088.0705,10.171,24.59,77.824,10.0
S100 down,1090.0135,9.932,24.93,75.868,12.0
S100 down,1091.9565,9.684,25.29,73.916,14.0
S100 down,1093.8994,9.411,25.665,71.97,16.0
S100 down,1095.8423,9.091,26.097,70.044,18.0
S100 down,1097.7853,8.756,26.56,68.127,20.0
S100 down,1099.7282,8.411,27.068,66.224,22.0
S100 down,1101.6711,8.073,27.617,64.331,24.0
S100 down,1103.6141,7.7,28.196,62.453,26.0
S100 down,1105.5571,7.367,28.824,60.584,28.0
S100 down,1107.5,7.024,29.473,58.723,30.0
S100 down,1108.4715,6.851,29.813,57.799,31.0
S100 up,1108.4715,6.851,29.813,57.799,31.0
S100 up,1109.4429,7.024,29.473,58.723,30.0
S100 up,1111.3858,7.367,28.824,60.584,28.0
S100 up,1113.3289,7.7,28.196,62.453,26.0
S100 up,1115.2718,8.073,27.617,64.331,24.0
S100 up,1117.2147,8.411,27.068,66.224,22.0
S100 up,1119.1576,8.756,26.56,68.127,20.0
S100 up,1121.1006,9.091,26.097,70.044,18.0
S100 up,1123.0435,9.411,25.665,71.97,16.0
S100 up,1124.9865,9.684,25.29,73.916,14.0
S100 up,1126.9294,9.932,24.93,75.868,12.0
S100 up,1128.8724,10.171,24.59,77.824,10.0
S100 up,1130.8153,10.36,24.313,79.795,8.0
S100 up,1132.7582,10.52,24.071,81.774,6.0
S100 up,1134.7012,10.658,23.9,83.762,4.0
S100 up,1136.6442,10.748,23.772,85.756,2.0
S100 up,1138.5871,10.829,23.665,87.752,0.0
S120 down,1182.4845,26.299,10.966,87.667,0.0
S120 down,1184.4274,26.252,11.03,85.668,2.0
S120 down,1186.3704,26.156,11.126,83.673,4.0
S120 down,1188.3133,26.023,11.252,81.681,6.0
S120 down,1190.2562,25.829,11.409,79.697,8.0
S120 down,1192.1991,25.613,11.603,77.718,10.0
S120 down,1194.1422,25.352,11.83,75.748,12.0
S120 down,1196.0851,25.061,12.088,73.786,14.0
S120 down,1198.028,24.754,12.342,71.826,16.0
S120 down,1199.9709,24.379,12.667,69.889,18.0
S120 down,1201.9139,23.946,13.047,67.974,20.0
S120 down,1203.8569,23.483,13.435,66.067,22.0
S120 down,1205.7998,22.989,13.911,64.189,24.0
S120 down,1207.7427,22.471,14.446,62.332,26.0
S120 down,1209.6857,21.902,15.009,60.499,28.0
S120 down,1211.6286,21.338,15.616,58.679,30.0
S120 down,1212.6001,21.061,15.926,57.77,31.0
S120 up,1212.6001,21.061,15.926,57.77,31.0
S120 up,1213.5715,21.338,15.616,58.679,30.0
S120 up,1215.5145,21.902,15.009,60.499,28.0
S120 up,1217.4575,22.471,14.446,62.332,26.0
S120 up,1219.4004,22.989,13.911,64.189,24.0
S120 up,1221.3433,23.483,13.435,66.067,22.0
S120 up,1223.2862,23.946,13.047,67.974,20.0
S120 up,1225.2293,24.379,12.667,69.889,18.0
S120 up,1227.1722,24.754,12.342,71.826,16.0
S120 up,1229.1151,25.061,12.088,73.786,14.0
S120 up,1231.058,25.352,11.83,75.748,12.0
S120 up,1233.001,25.613,11.603,77.718,10.0
S120 up,1234.9439,25.829,11.409,79.697,8.0
S120 up,1236.8869,26.023,11.252,81.681,6.0
S120 up,1238.8298,26.156,11.126,83.673,4.0
S120 up,1240.7728,26.252,11.03,85.668,2.0
S120 up,1242.7157,26.299,10.966,87.667,0.0
S140 down,1267.2166,41.619,-1.897,87.688,0.0
S140 down,1269.1595,41.58,-1.85,85.689,2.0
S140 down,1271.1025,41.475,-1.759,83.693,4.0
S140 down,1273.0454,41.312,-1.647,81.703,6.0
S140 down,1274.9883,41.12,-1.543,79.715,8.0
S140 down,1276.9313,40.873,-1.409,77.735,10.0
S140 down,1278.8743,40.563,-1.244,75.766,12.0
S140 down,1280.8172,40.201,-1.063,73.808,14.0
S140 down,1282.7601,39.837,-0.834,71.854,16.0
S140 down,1284.703,39.442,-0.592,69.909,18.0
S140 down,1286.6461,38.987,-0.319,67.98,20.0
S140 down,1288.589,38.499,-0.02,66.064,22.0
S140 down,1290.5319,38.003,0.326,64.158,24.0
S140 down,1292.4748,37.493,0.703,62.261,26.0
S140 down,1294.4178,36.942,1.095,60.378,28.0
S140 down,1296.3607,36.38,1.535,58.51,30.0
S140 down,1297.3322,36.096,1.761,57.579,31.0
S140 up,1297.3322,36.096,1.761,57.579,31.0
S140 up,1298.3037,36.38,1.535,58.51,30.0
S140 up,1300.2466,36.942,1.095,60.378,28.0
S140 up,1302.1896,37.493,0.703,62.261,26.0
S140 up,1304.1325,38.003,0.326,64.158,24.0
S140 up,1306.0754,38.499,-0.02,66.064,22.0
S140 up,1308.0184,38.987,-0.319,67.98,20.0
S140 up,1309.9614,39.442,-0.592,69.909,18.0
S140 up,1311.9043,39.837,-0.834,71.854,16.0
S140 up,1313.8472,40.201,-1.063,73.808,14.0
S140 up,1315.7901,40.563,-1.244,75.766,12.0
S140 up,1317.7332,40.873,-1.409,77.735,10.0
S140 up,1319.6761,41.12,-1.543,79.715,8.0
S140 up,1321.619,41.312,-1.647,81.703,6.0
S140 up,1323.5619,41.475,-1.759,83.693,4.0
S140 up,1325.5049,41.58,-1.85,85.689,2.0
S140 up,1327.4478,41.619,-1.897,87.688,0.0
S160 down,1367.2617,57.066,-14.658,87.792,0.0
S160 down,1369.2236,57.028,-14.605,85.793,2.0
S160 down,1371.1855,56.973,-14.531,83.795,4.0
S160 down,1373.1476,56.85,-14.436,81.801,6.0
S160 down,1375.1095,56.696,-14.338,79.809,8.0
S160 down,1377.0714,56.531,-14.242,77.818,10.0
S160 down,1379.0333,56.347,-14.093,75.832,12.0
S160 down,1380.9953,56.1,-13.947,73.853,14.0
S160 down,1382.9572,55.77,-13.784,71.887,16.0
S160 down,1384.9191,55.362,-13.603,69.938,18.0
S160 down,1386.881,54.86,-13.381,68.014,20.0
S160 down,1388.843,54.369,-13.133,66.092,22.0
S160 down,1390.8049,53.813,-12.858,64.19,24.0
S160 down,1392.7668,53.262,-12.551,62.292,26.0
S160 down,1394.7287,52.681,-12.207,60.41,28.0
S160 down,1396.6907,52.054,-11.828,58.549,30.0
S160 down,1397.3774,51.84,-11.698,57.895,30.7
S160 up,1397.3774,51.84,-11.698,57.895,30.7
S160 up,1398.064,52.054,-11.828,58.549,30.0
S160 up,1400.026,52.681,-12.207,60.41,28.0
S160 up,1401.9879,53.262,-12.551,62.292,26.0
S160 up,1403.9498,53.813,-12.858,64.19,24.0
S160 up,1405.9117,54.369,-13.133,66.092,22.0
S160 up,1407.8737,54.86,-13.381,68.014,20.0
S160 up,1409.8356,55.362,-13.603,69.938,18.0
S160 up,1411.7975,55.77,-13.784,71.887,16.0
S160 up,1413.7595,56.1,-13.947,73.853,14.0
S160 up,1415.7215,56.347,-14.093,75.832,12.0
S160 up,1417.6834,56.531,-14.242,77.818,10.0
S160 up,1419.6453,56.696,-14.338,79.809,8.0
S160 up,1421.6072,56.85,-14.436,81.801,6.0
S160 up,1423.5692,56.973,-14.531,83.795,4.0
S160 up,1425.5311,57.028,-14.605,85.793,2.0
S160 up,1427.493,57.066,-14.658,87.792,0.0
S180 down,1468.8382,72.417,-27.218,87.805,0.0
S180 down,1470.8232,72.364,-27.13,85.807,2.0
S180 down,1472.8082,72.237,-27.04,83.813,4.0
S180 down,1474.7932,72.051,-26.973,81.823,6.0
S180 down,1476.7783,71.851,-26.87,79.836,8.0
S180 down,1478.7633,71.611,-26.738,77.855,10.0
S180 down,1480.7484,71.343,-26.568,75.88,12.0
S180 down,1482.7333,71.046,-26.398,73.91,14.0
S180 down,1484.7184,70.728,-26.192,71.946,16.0
S180 down,1486.7034,70.395,-25.97,69.986,18.0
S180 down,1488.6884,70.018,-25.698,68.041,20.0
S180 down,1490.6735,69.599,-25.383,66.111,22.0
S180 down,1492.6584,69.144,-25.029,64.196,24.0
S180 down,1494.6435,68.639,-24.663,62.296,26.0
S180 down,1496.6285,68.101,-24.271,60.41,28.0
S180 down,1497.4225,67.881,-24.113,59.657,28.8
S180 up,1497.4225,67.881,-24.113,59.657,28.8
S180 up,1498.2166,68.101,-24.271,60.41,28.0
S180 up,1500.2015,68.639,-24.663,62.296,26.0
S180 up,1502.1866,69.144,-25.029,64.196,24.0
S180 up,1504.1716,69.599,-25.383,66.111,22.0
S180 up,1506.1567,70.018,-25.698,68.041,20.0
S180 up,1508.1416,70.395,-25.97,69.986,18.0
S180 up,1510.1266,70.728,-26.192,71.946,16.0
S180 up,1512.1117,71.046,-26.398,73.91,14.0
S180 up,1514.0967,71.343,-26.568,75.88,12.0
S180 up,1516.0818,71.611,-26.738,77.855,10.0
S180 up,1518.0667,71.851,-26.87,79.836,8.0
S180 up,1520.0518,72.051,-26.973,81.823,6.0
S180 up,1522.0368,72.237,-27.04,83.813,4.0
S180 up,1524.0219,72.364,-27.13,85.807,2.0
S180 up,1526.0068,72.417,-27.218,87.805,0.0
S170 down,1557.1434,66.095,-19.526,87.745,0.0
S170 down,1559.1053,66.642,-18.903,85.924,2.0
S170 down,1561.0672,67.175,-18.272,84.103,4.0
S170 down,1563.0292,67.678,-17.62,82.281,6.0
S170 down,1564.9911,68.136,-17.0,80.435,8.0
S170 down,1566.953,68.566,-16.381,78.582,10.0
S170 down,1568.9149,68.984,-15.741,76.734,12.0
S170 down,1570.8769,69.354,-15.105,74.875,14.0
S170 down,1572.8388,69.678,-14.454,73.012,16.0
S170 down,1574.8007,69.963,-13.824,71.135,18.0
S170 down,1576.7626,70.199,-13.192,69.252,20.0
S170 down,1578.7246,70.398,-12.545,67.37,22.0
S170 down,1580.6865,70.574,-11.886,65.49,24.0
S170 down,1582.6484,70.695,-11.22,63.608,26.0
S170 down,1584.6103,70.784,-10.549,61.726,28.0
S170 down,1586.5723,70.825,-9.866,59.847,30.0
S170 down,1587.259,70.836,-9.613,59.194,30.7
S170 up,1587.259,70.836,-9.613,59.194,30.7
S170 up,1587.9456,70.825,-9.866,59.847,30.0
S170 up,1589.9076,70.784,-10.549,61.726,28.0
S170 up,1591.8695,70.695,-11.22,63.608,26.0
S170 up,1593.8314,70.574,-11.886,65.49,24.0
S170 up,1595.7933,70.398,-12.545,67.37,22.0
S170 up,1597.7554,70.199,-13.192,69.252,20.0
S170 up,1599.7173,69.963,-13.824,71.135,18.0
S170 up,1601.6792,69.678,-14.454,73.012,16.0
S170 up,1603.6411,69.354,-15.105,74.875,14.0
S170 up,1605.6031,68.984,-15.741,76.734,12.0
S170 up,1607.565,68.566,-16.381,78.582,10.0
S170 up,1609.5269,68.136,-17.0,80.435,8.0
S170 up,1611.4888,67.678,-17.62,82.281,6.0
S170 up,1613.4508,67.175,-18.272,84.103,4.0
S170 up,1615.4127,66.642,-18.903,85.924,2.0
S170 up,1617.3746,66.095,-19.526,87.745,0.0
S150 down,1647.3882,50.402,-7.231,87.655,0.0
S150 down,1649.4438,51.014,-6.554,85.875,2.0
S150 down,1651.4994,51.59,-5.843,84.097,4.0
S150 down,1653.555,52.118,-5.136,82.302,6.0
S150 down,1655.6107,52.622,-4.413,80.507,8.0
S150 down,1657.6663,53.071,-3.671,78.704,10.0
S150 down,1659.7219,53.508,-2.919,76.903,12.0
S150 down,1661.7775,53.88,-2.156,75.092,14.0
S150 down,1663.8331,54.21,-1.365,73.285,16.0
S150 down,1665.8888,54.486,-0.57,71.471,18.0
S150 down,1667.9445,54.73,0.222,69.651,20.0
S150 down,1670.0001,54.936,1.015,67.826,22.0
S150 down,1672.0557,55.113,1.813,66.001,24.0
S150 down,1674.1113,55.227,2.632,64.18,26.0
S150 down,1676.167,55.329,3.428,62.348,28.0
S150 down,1677.6059,55.381,3.994,61.069,29.4
S150 up,1677.6059,55.381,3.994,61.069,29.4
S150 up,1679.0448,55.329,3.428,62.348,28.0
S150 up,1681.1004,55.227,2.632,64.18,26.0
S150 up,1683.156,55.113,1.813,66.001,24.0
S150 up,1685.2117,54.936,1.015,67.826,22.0
S150 up,1687.2673,54.73,0.222,69.651,20.0
S150 up,1689.323,54.486,-0.57,71.471,18.0
S150 up,1691.3786,54.21,-1.365,73.285,16.0
S150 up,1693.4343,53.88,-2.156,75.092,14.0
S150 up,1695.4899,53.508,-2.919,76.903,12.0
S150 up,1697.5455,53.071,-3.671,78.704,10.0
S150 up,1699.6011,52.622,-4.413,80.507,8.0
S150 up,1701.6567,52.118,-5.136,82.302,6.0
S150 up,1703.7124,51.59,-5.843,84.097,4.0
S150 up,1705.768,51.014,-6.554,85.875,2.0
S150 up,1707.8236,50.402,-7.231,87.655,0.0
S130 down,1738.1434,34.815,5.572,87.783,0.0
S130 down,1740.1612,35.368,6.372,86.035,2.0
S130 down,1742.1789,35.835,7.175,84.264,4.0
S130 down,1744.1967,36.219,8.002,82.484,6.0
S130 down,1746.2144,36.57,8.86,80.711,8.0
S130 down,1748.2323,36.903,9.724,78.939,10.0
S130 down,1750.25,37.155,10.61,77.163,12.0
S130 down,1752.2677,37.333,11.529,75.396,14.0
S130 down,1754.2855,37.459,12.478,73.64,16.0
S130 down,1756.3032,37.498,13.412,71.872,18.0
S130 down,1758.321,37.481,14.38,70.122,20.0
S130 down,1760.3387,37.426,15.378,68.389,22.0
S130 down,1762.3565,37.309,16.372,66.658,24.0
S130 down,1764.3742,37.168,17.398,64.947,26.0
S130 down,1766.392,36.971,18.435,63.248,28.0
S130 down,1768.208,36.764,19.383,61.732,29.8
S130 up,1768.208,36.764,19.383,61.732,29.8
S130 up,1770.024,36.971,18.435,63.248,28.0
S130 up,1772.0418,37.168,17.398,64.947,26.0
S130 up,1774.0595,37.309,16.372,66.658,24.0
S130 up,1776.0773,37.426,15.378,68.389,22.0
S130 up,1778.095,37.481,14.38,70.122,20.0
S130 up,1780.1128,37.498,13.412,71.872,18.0
S130 up,1782.1305,37.459,12.478,73.64,16.0
S130 up,1784.1483,37.333,11.529,75.396,14.0
S130 up,1786.166,37.155,10.61,77.163,12.0
S130 up,1788.1838,36.903,9.724,78.939,10.0
S130 up,1790.2016,36.57,8.86,80.711,8.0
S130 up,1792.2194,36.219,8.002,82.484,6.0
S130 up,1794.2371,35.835,7.175,84.264,4.0
S130 up,1796.2548,35.368,6.372,86.035,2.0
S130 up,1798.2726,34.815,5.572,87.783,0.0
S110 down,1829.2049,19.535,18.314,87.515,0.0
S110 down,1831.2025,20.122,19.014,85.735,2.0
S110 down,1833.1999,20.654,19.701,83.934,4.0
S110 down,1835.1974,21.14,20.418,82.131,6.0
S110 down,1837.195,21.594,21.142,80.323,8.0
S110 down,1839.1924,21.999,21.892,78.514,10.0
S110 down,1841.1899,22.344,22.645,76.694,12.0
S110 down,1843.1875,22.635,23.423,74.874,14.0
S110 down,1845.1849,22.892,24.222,73.059,16.0
S110 down,1847.1824,23.068,25.036,71.24,18.0
S110 down,1849.18,23.188,25.876,69.429,20.0
S110 down,1851.1774,23.269,26.731,67.623,22.0
S110 down,1853.1749,23.277,27.597,65.82,24.0
S110 down,1855.1725,23.209,28.501,64.037,26.0
S110 down,1857.1699,23.083,29.429,62.27,28.0
S110 down,1859.1674,22.931,30.379,60.517,30.0
S110 up,1859.1674,22.931,30.379,60.517,30.0
S110 up,1861.165,23.083,29.429,62.27,28.0
S110 up,1863.1624,23.209,28.501,64.037,26.0
S110 up,1865.1599,23.277,27.597,65.82,24.0
S110 up,1867.1575,23.269,26.731,67.623,22.0
S110 up,1869.1549,23.188,25.876,69.429,20.0
S110 up,1871.1524,23.068,25.036,71.24,18.0
S110 up,1873.15,22.892,24.222,73.059,16.0
S110 up,1875.1474,22.635,23.423,74.874,14.0
S110 up,1877.1449,22.344,22.645,76.694,12.0
S110 up,1879.1425,21.999,21.892,78.514,10.0
S110 up,1881.1399,21.594,21.142,80.323,8.0
S110 up,1883.1374,21.14,20.418,82.131,6.0
S110 up,1885.135,20.654,19.701,83.934,4.0
S110 up,1887.1324,20.122,19.014,85.735,2.0
S110 up,1889.1299,19.535,18.314,87.515,0.0
N100 down,2170.1751,27.439,44.105,88.118,0.0
N100 down,2172.1998,26.911,43.38,86.33,2.0
N100 down,2174.2246,26.378,42.69,84.53,4.0
N100 down,2176.2493,25.855,42.028,82.717,6.0
N100 down,2178.274,25.344,41.414,80.883,8.0
N100 down,2180.2988,24.836,40.831,79.038,10.0
N100 down,2182.3235,24.358,40.25,77.186,12.0
N100 down,2184.3482,23.874,39.714,75.32,14.0
N100 down,2186.373,23.426,39.179,73.446,16.0
N100 down,2188.3977,22.961,38.676,71.567,18.0
N100 down,2190.4223,22.525,38.191,69.676,20.0
N100 down,2192.4471,22.079,37.731,67.782,22.0
N100 down,2194.4718,21.637,37.302,65.879,24.0
N100 down,2196.4965,21.189,36.913,63.969,26.0
N100 down,2198.5213,20.755,36.538,62.053,28.0
N100 down,2200.546,20.337,36.169,60.133,30.0
N100 up,2200.546,20.337,36.169,60.133,30.0
N100 up,2202.5707,20.755,36.538,62.053,28.0
N100 up,2204.5955,21.189,36.913,63.969,26.0
N100 up,2206.6202,21.637,37.302,65.879,24.0
N100 up,2208.6449,22.079,37.731,67.782,22.0
N100 up,2210.6696,22.525,38.191,69.676,20.0
N100 up,2212.6943,22.961,38.676,71.567,18.0
N100 up,2214.719,23.426,39.179,73.446,16.0
N100 up,2216.7438,23.874,39.714,75.32,14.0
N100 up,2218.7685,24.358,40.25,77.186,12.0
N100 up,2220.7932,24.836,40.831,79.038,10.0
N100 up,2222.818,25.344,41.414,80.883,8.0
N100 up,2224.8427,25.855,42.028,82.717,6.0
N100 up,2226.8674,26.378,42.69,84.53,4.0
N100 up,2228.8922,26.911,43.38,86.33,2.0
N100 up,2230.9168,27.439,44.105,88.118,0.0
N120 down,2260.522,43.084,31.25,87.831,0.0
N120 down,2262.6166,42.607,30.458,86.057,2.0
N120 down,2264.7111,42.115,29.688,84.278,4.0
N120 down,2266.8057,41.611,28.94,82.493,6.0
N120 down,2268.9002,41.093,28.201,80.708,8.0
N120 down,2270.9947,40.586,27.484,78.911,10.0
N120 down,2273.0892,40.063,26.797,77.107,12.0
N120 down,2275.1839,39.531,26.117,75.303,14.0
N120 down,2277.2784,39.022,25.45,73.488,16.0
N120 down,2279.3729,38.509,24.797,71.668,18.0
N120 down,2281.4674,38.008,24.171,69.836,20.0
N120 down,2283.562,37.496,23.529,68.012,22.0
N120 down,2285.6566,36.971,22.913,66.183,24.0
N120 down,2287.7511,36.397,22.265,64.381,26.0
N120 down,2289.8456,35.845,21.66,62.556,28.0
N120 down,2290.8929,35.558,21.36,61.646,29.0
N120 up,2290.8929,35.558,21.36,61.646,29.0
N120 up,2291.9402,35.845,21.66,62.556,28.0
N120 up,2294.0347,36.397,22.265,64.381,26.0
N120 up,2296.1292,36.971,22.913,66.183,24.0
N120 up,2298.2238,37.496,23.529,68.012,22.0
N120 up,2300.3184,38.008,24.171,69.836,20.0
N120 up,2302.4129,38.509,24.797,71.668,18.0
N120 up,2304.5074,39.022,25.45,73.488,16.0
N120 up,2306.6019,39.531,26.117,75.303,14.0
N120 up,2308.6965,40.063,26.797,77.107,12.0
N120 up,2310.7911,40.586,27.484,78.911,10.0
N120 up,2312.8856,41.093,28.201,80.708,8.0
N120 up,2314.9801,41.611,28.94,82.493,6.0
N120 up,2317.0747,42.115,29.688,84.278,4.0
N120 up,2319.1692,42.607,30.458,86.057,2.0
N120 up,2321.2637,43.084,31.25,87.831,0.0
N140 down,2351.0731,58.338,18.237,87.919,0.0
N140 down,2353.074,57.807,17.494,86.139,2.0
N140 down,2355.0749,57.285,16.769,84.35,4.0
N140 down,2357.0758,56.769,16.037,82.562,6.0
N140 down,2359.0767,56.242,15.34,80.763,8.0
N140 down,2361.0776,55.718,14.664,78.955,10.0
N140 down,2363.0785,55.173,13.987,77.153,12.0
N140 down,2365.0794,54.641,13.318,75.345,14.0
N140 down,2367.0803,54.064,12.672,73.542,16.0
N140 down,2369.0812,53.505,12.03,71.733,18.0
N140 down,2371.0821,52.938,11.391,69.925,20.0
N140 down,2373.0831,52.364,10.771,68.112,22.0
N140 down,2375.084,51.775,10.15,66.304,24.0
N140 down,2377.0849,51.175,9.556,64.491,26.0
N140 down,2379.0858,50.576,8.963,62.677,28.0
N140 down,2381.0867,49.976,8.382,60.86,30.0
N140 up,2381.0867,49.976,8.382,60.86,30.0
N140 up,2383.0876,50.576,8.963,62.677,28.0
N140 up,2385.0885,51.175,9.556,64.491,26.0
N140 up,2387.0894,51.775,10.15,66.304,24.0
N140 up,2389.0903,52.364,10.771,68.112,22.0
N140 up,2391.0912,52.938,11.391,69.925,20.0
N140 up,2393.0921,53.505,12.03,71.733,18.0
N140 up,2395.093,54.064,12.672,73.542,16.0
N140 up,2397.0939,54.641,13.318,75.345,14.0
N140 up,2399.0948,55.173,13.987,77.153,12.0
N140 up,2401.0957,55.718,14.664,78.955,10.0
N140 up,2403.0966,56.242,15.34,80.763,8.0
N140 up,2405.0975,56.769,16.037,82.562,6.0
N140 up,2407.0984,57.285,16.769,84.35,4.0
N140 up,2409.0993,57.807,17.494,86.139,2.0
N140 up,2411.1002,58.338,18.237,87.919,0.0
N160 down,2441.7263,73.799,5.7,88.084,0.0
N160 down,2443.734,73.281,4.928,86.312,2.0
N160 down,2445.7417,72.764,4.156,84.542,4.0
N160 down,2447.7494,72.252,3.384,82.769,6.0
N160 down,2449.7571,71.748,2.617,80.992,8.0
N160 down,2451.7648,71.252,1.866,79.206,10.0
N160 down,2453.7725,70.748,1.128,77.417,12.0
N160 down,2455.7803,70.245,0.395,75.625,14.0
N160 down,2457.7879,69.734,-0.313,73.826,16.0
N160 down,2459.7957,69.209,-1.028,72.033,18.0
N160 down,2461.8034,68.683,-1.71,70.228,20.0
N160 down,2463.811,68.152,-2.367,68.416,22.0
N160 down,2465.8188,67.621,-3.017,66.6,24.0
N160 down,2467.8265,67.066,-3.622,64.777,26.0
N160 down,2469.8342,66.507,-4.217,62.951,28.0
N160 down,2471.8419,65.939,-4.799,61.124,30.0
N160 up,2471.8419,65.939,-4.799,61.124,30.0
N160 up,2473.8497,66.507,-4.217,62.951,28.0
N160 up,2475.8573,67.066,-3.622,64.777,26.0
N160 up,2477.865,67.621,-3.017,66.6,24.0
N160 up,2479.8728,68.152,-2.367,68.416,22.0
N160 up,2481.8804,68.683,-1.71,70.228,20.0
N160 up,2483.8882,69.209,-1.028,72.033,18.0
N160 up,2485.8959,69.734,-0.313,73.826,16.0
N160 up,2487.9036,70.245,0.395,75.625,14.0
N160 up,2489.9113,70.748,1.128,77.417,12.0
N160 up,2491.919,71.252,1.866,79.206,10.0
N160 up,2493.9267,71.748,2.617,80.992,8.0
N160 up,2495.9344,72.252,3.384,82.769,6.0
N160 up,2497.9422,72.764,4.156,84.542,4.0
N160 up,2499.9498,73.281,4.928,86.312,2.0
N160 up,2501.9575,73.799,5.7,88.084,0.0
N180 down,2531.869,89.222,-7.181,88.132,0.0
N180 down,2533.9005,88.68,-7.919,86.354,2.0
N180 down,2535.9321,88.154,-8.646,84.566,4.0
N180 down,2537.9636,87.648,-9.355,82.766,6.0
N180 down,2539.9951,87.15,-10.04,80.954,8.0
N180 down,2542.0267,86.649,-10.716,79.139,10.0
N180 down,2544.0582,86.146,-11.384,77.323,12.0
N180 down,2546.0897,85.646,-12.026,75.496,14.0
N180 down,2548.1212,85.149,-12.669,73.668,16.0
N180 down,2550.1528,84.642,-13.284,71.834,18.0
N180 down,2552.1843,84.139,-13.894,69.997,20.0
N180 down,2554.2158,83.666,-14.487,68.146,22.0
N180 down,2556.2474,83.175,-15.056,66.293,24.0
N180 down,2558.2789,82.714,-15.61,64.427,26.0
N180 down,2560.3104,82.267,-16.134,62.55,28.0
N180 down,2562.3419,81.829,-16.63,60.662,30.0
N180 up,2562.3419,81.829,-16.63,60.662,30.0
N180 up,2564.3735,82.267,-16.134,62.55,28.0
N180 up,2566.405,82.714,-15.61,64.427,26.0
N180 up,2568.4365,83.175,-15.056,66.293,24.0
N180 up,2570.4681,83.666,-14.487,68.146,22.0
N180 up,2572.4996,84.139,-13.894,69.997,20.0
N180 up,2574.5311,84.642,-13.284,71.834,18.0
N180 up,2576.5626,85.149,-12.669,73.668,16.0
N180 up,2578.5942,85.646,-12.026,75.496,14.0
N180 up,2580.6257,86.146,-11.384,77.323,12.0
N180 up,2582.6572,86.649,-10.716,79.139,10.0
N180 up,2584.6888,87.15,-10.04,80.954,8.0
N180 up,2586.7203,87.648,-9.355,82.766,6.0
N180 up,2588.7518,88.154,-8.646,84.566,4.0
N180 up,2590.7834,88.68,-7.919,86.354,2.0
N180 up,2592.8149,89.222,-7.181,88.132,0.0
